{"cameraMode":{"drawMode":0,"name":"Shaded","section":"Shading Mode"},"sceneLighting":true,"audioPlay":false,"sceneViewState":{"showFog":true,"showMaterialUpdate":false,"showSkybox":true,"showFlares":true,"showImageEffects":true,"showParticleSystems":true},"in2DMode":false,"pivot":{"x":1.8959884643554688,"y":-1.8820648193359376,"z":-0.3850879669189453},"rotation":{"x":-0.09283381700515747,"y":0.9026196599006653,"z":-0.24574004113674165,"w":-0.34098488092422488},"size":14.860950469970704,"orthographic":false}